126,rotterdam badai berbahaya dengan kecepatan tinggi kilometer perjam menerjang belanda akibatnya tiga orang dilaporkan tewas dilansir dutchnews jumat badai itu menyebabkan angin super kencang dua warga dilaporkan tewas akibat tertimpa pohon tumbang baca juga diterjang badai penerbangan di bandara schiphol dibatalkandi enschede seorang warga berusia tahun tewas karena mobilnya tertimpa pohon tumbang pohon tumbang juga menewaskan pria berusia tahun di zwolle pria itu tewas akibat luka pada kepala karena kejatuhan dahan yang patah,belanda badai
53323,jakarta jakarta nite festival menyambut hut ke dki digelar nanti malam delapan buah panggung besar dengan beragam acara telah disiapkan di delapan titik sepanjang jalan mh thamrin dari kawasan monas hingga bundaran hi seperti terlihat di kawasan bundaran hi sabtu panggung besar sudah sudah terpasang satu panggung terpasang di sebelah barat bundaran hi tepatnya di depan plaza indonesia sementara satu panggung lagi terpasang di sebelah timur tepatnya depan hotel mandarin oriental kedua panggung berukuran sekitar x meter dengan dominasi warna hitam dan atap putih panggung sebelah barat dijadwalkan akan menampilkan grup grup musik rock n roll dan campur sari sedangkan di panggung sebelah timur akan menampilkan musik dangdut hingga siang ini panitia masih terus menyiapkan dan mendekorasi kedua panggung sekitar orang tampak sibuk di masing masing panggung seperti mengecek sistem pengeras suara sebuah hiasan besar berwana putih dengan ukuran x meter terbuat dari kayu bertuliskan jakarta baru jakarta kita terpasang di samping panggung timur puluhan bendera bertuliskan hut dki juga terpasang di beberapa titik di sekitar bundaran hi seperti di depan plaza indonesia sepasang topeng besar abang none dengan tulisan di bawahnya dirgahayu jakarta juga terpasang di depan menara bca hiasan bunga cantik dan besar hut dki juga dipasang di tepi kolam bundaran hi menurut salah petugas polisi di lokasi sekitar personel akan dikerahkan untuk mengamankan pelaksanaan jakarta nite festival yang akan dipenuhi muda mudi jakarta nanti malam namun hingga saat ini belum terlihat adanya kendaraan water cannon dan barracuda di sekitar bundaran hi sementara lalu lintas di jalan mh thamrin hingga jalan sudirman akan mulai ditutup bertahap mulai pukul wib,jakarta nite festival hut dki
214,banyuwangi bmkg banyuwangi memprediksi puncak musim hujan terjadi sepanjang januari februari ini intensitas curah hujan sedang hingga lebatmengancam terjadinya banjir dan longsor prakirawan bmkg mardani gumintar mengatakan secara umum curah hujan sedang di kisaran mmjam hingga hujan lebat yang lebih mmjam dan lebih dari mmhari hampir merata di wilayah kabupaten banyuwangi di daerah banyuwangi selatan itu sedang hingga lebat dimulai pada siang dan sore hari bahkan berlaku sampai malam hari yang perlu diwaspadai adalah angin kencang sesaat dan juga awan sibi dan berpotensi juga petir kata mardani kepada wartawan di kantornya selasa mardani menjelaskan awan culumonimbus cb menyebabkan terjadinya hujan dan berpotensi disertai angin kencang hingga petir tandanya kata dia biasanya akan ada cuaca panas pada pagi dan siang hari karena peningkatan suhu dari normalnya derajat celcius meningkat derajat atau lebih saat suhu meningkat terjadi pemanasan di atmosfir di udara penguapan tinggi itu pembentukan awan konvektif dan awan cb bisa juga disebabkan oleh suhu permukaan aifr laut yang meningkat dan menyebabkan pertumbuhan awan di daerah pesisir paparnya hujan intensitas tinggi kerap terjadi di wilayah banyuwangi beberapa hari ini rabu lalu ratusan rumah warga di kecamatan pesanggaran terendam banjir akibat luapan sungai setelah terjadi hujan lebat sejumlah warga harus dievakuasi dari rumahnya karena ketinggian air masuk ke permukiman mencapai cm meter data dari pos sadar bpbd banyuwangi ada lima desa yang terdampak bencana banjir antara lain desa pesanggaran sumberagung sumbermulyo kandangan dan sarongan kecamatan pesanggaran fatfatbmkgbanjir di banyuwang,bmkg banjir di banyuwangi birojatim
240,jakarta truk trailler menabrak pembatas jalan di tol pondok indah km arah kampung rambutan posisi truk yang melintang mengakibatkan kemacetan sepanjang meter jelang lokasi kecelakaan di ruas tol pondok indah km arah kampung rambutan posisi truk melintang menghalangi median jalan ujar petugas operator jasa marga anna saat dikonfirmasi sabtu anna menambahkan posisi truk yang menabrak median pembatas jalan menyebabkan kemacetan di sekitar lokasi belum diketahui penyebab kecelakaan itu maupun kondisi pengemudinya,kecelakaan truk kecelakaan di tol
251,magetan seorang wanita di magetan ditemukan tewas bersimbah darah korban bernama karmi warga dusun gandek kelurahankecamatan kawedanan tewas di rumahnya dengan bagian mulut dan hidung hancur seperti dipukul benda tumpul korban pertama kali ditemukan sucipto tetangganya saat itu sucipto diminta kerabat korban mencari keberadaan karmi sejak jumat malam pukul wib saya dimintai familinya mencari kok rumahnya tak pernah buka saya mencari korban lewat pintu samping ternyata tidak dikunci saya lihat korban sudah meninggal dunia ditutupi karpet ada palu di atas kemaluan saya takut lalu lapor polisi jelas sucipto kepada wartawan di lokasi sabtu dini hari korban kata sucipto tinggal di rt rw bersama suaminya sudarto dan anaknya rohmat namun beberapa hari ini anaknya tinggal di rumah kerabatnya di ngawi sedangkan sudarto tidak ada di lokasi saat kejadian polisi dari polsek kawedanan dan polres magetan datang untuk melakukan penyelidikan polisi juga olah tkp dan mengamankan barang bukti kayu usuk rumah sepanjang meter dengan bercak darah di bagian atas ditemukan pula tempat minum plastik yang ada bercak darahnya untuk penyebab pasti kematian korban masih penyelidikan yang jelas ada luka di bagian wajah korban dan tangan kirimya akibat pukulan benda tumpul gigi korban juga rontok dan beberapa barang bukti di antaranya palu dan kayu bercak darah kita juga diamankan jelas kapolres akbp muslimin kepada wartawan fatfatpembunuhan di mageta,pembunuhan di magetan birojatim
286,ponorogo hujan deras yang mengguyur bumi reog minggu sore hingga petang membuat sejumlah daerah di ponorogo longsor dan banjir di desa tumpuk kecamatan sawoo longsor menimpa sebuah rumah milik soirin dan dua orang meninggal kepala bidang rehabilitasi dan rekonstruksi bpbd ponorogo setyo budiono menuturkan bencana longsor yang menimbun satu keluarga total ada lima orang yang menempati rumah tersebut dua di antaranya tertimbun longsor dan meninggal yang tertimbun ada ibu dan anak atas nama ria lestari dan venesia aulia andriani kata setyo kepada saat dihubungi senin ibu dan anak tersebut jelas setyo akhirnya berhasil ditemukan setelah warga dan petugas tim pusdalops pb bpbd ponorogo melakukan pencarian jadi di rumah tersebut ada lima orang tiga lainnya selamat dan yang dua tadi tertimbun material longsor terangnya selain longsor bencana banjir di ponorogo menerjang tiga desa di kecamatan balong tiga desa itu yakni desa karangan desa bedikulon dan desa bajang banjir juga terjadi di jalan raya desa karangan menuju desa bajang setinggi cm sepanjang meter meski arus lalu lintas sempat terganggu beruntung hujan tidak sempat masuk ke pemukiman warga hujan deras yang mengguyur wilayah kecamatan bungkal dan sekitarnya akibatnya sungai sejeruk meluap karena tidak mampu menampung air jelasnya fatfatlongsor di ponorog,longsor di ponorogo birojatim
52208,jakarta memasuki dini hari kemacetan terjadi di ruas tol cawang jakarta arah ke bekasi kemacetan yang terjadi akibat perbaikan jalan ini mengakibatkan kendaraan mengular hingga mencapai kilometer ada penambalan jalan di km lajur di tengah tol kata petugas jasa marga deni kepada saat dihubungi pukul wib rabu menurutnya perbaikan jalan itu sudah dimulai sejak pukul wib tadi akibatnya saat ini kemacetan terjadi mulai dari km sampai di tol jati bening di km kemacetan sudah sampai sekitar kilometer ada petugas di lokasi yang mengatur lalu lintas ungkapnya pihaknya belum bisa memastikan sampai kapan perbaikan jalan ini akan selesai pengendara diharapkan sabar dan tertib tidak bisa dipastikan karena banyak lubang yang sedang dilakukan penambalan ucap deni,macet tol
52209,samarinda mahasiswa di samarinda kaltim yang berdemonstrasi menolak kenaikan harga bbm bentrok dengan polisi upaya polisi membubarkan paksa mendapatkan perlawanan mahasiswa dengan melempar batu dan bom molotov bentrok terjadi sekitar pukul wita saat mahasiswa memblokir jl m yamin depan pusat perbelanjaan samarinda square aparat kepolisian dari polresta samarinda dilengkapi peralatan anti huru hara dan dipimpin langsung kapolresta samarinda kombes pol arief prapto santoso berupaya membubarkan paksa mahasiswa tidak hanya itu aparat kepolisian juga dilengkapi senjata gas air mata memukul mundur mahasiswa hingga masuk ke dalam area kampus universitas mulawarman yang berjarak sekitar meter dari depan pusat perbelanjaan tersebut tiga unit kendaraan water canon turut mengejar mahasiswa atas nama undang undang unjukrasa anda telah melanggar undang undang karena telah mengganggu ketertiban umum tegas arief kepada mahasiswa saat berada di atas kendaraan water canon meski berhasil memaksa mahasiswa masuk ke dalam kampus universitas mulawarman polisian tetap mendapatkan perlawanan saling lempar batu pun tidak terhindarkan bahkan beberapa mahasiswa melemparkan bom molotov ke arah aparat kepolisian di depan jalan masuk kampus kepolisian pun membalas dengan tembakan gas air mata beberapa kali sehingga membuat mahasiwa lari kocar kacir hujan batu berlangsung sekitar menit ratusan aparat kepolisian akhirnya mulai melunak dengan menarik diri perlahan dari pandangan mahasiswa sekitar pukul wita meski terus mendapat lemparan batu dan bom molotov meski begitu kepolisian tetap memilih untuk tidak meladeni aksi brutal mahasiswa pasukan semua balik kanan kembali tegas arief lagi selama berlangsungnya bentrokan tidak ada satupun dari kedua pihak yang menjadi korban akibat lemparan batu melihat aparat mundur seratusan mahasiswa tetap berkerumun di dalam areal kampus universitas mulawarman sebelum bentrok mahasiswa awalnya memblokir lajur jl m yamin depan kampus sejak pukul wita puas berorasi terkait meneriakan yel yel menolak rencana kenaikan bbm sambil melakukan aksi bakar ban bekas mereka bergerak menuju depan pusat perbelanjaan samarinda square namun sayang di sela aksi long march mereka menuju depan pusat perbelanjaan mahasiwa turut merusak pot tanaman di median jalan dan merusak rambu lalu lintas yang mereka lalui,demo bbm
52242,jakarta beredar video terkait pemukulan yang dilakukan petugas rutan terhadap napi yang coba kabur di rutan iib tanjung redeb kabupaten berau kepala rutan sebut pemukulan dilakukan karena napi yang bersangkutan sempat melawan yang melarikan diri ada orang satu orang melawan saat proses penangkapan pada saat proses penangakapn itulah karena ada perlawanan oleh petugas dilakukan pemukulan kata karutan kelas ii tanjung rede budi prayitno saat dikonfirmasi sabtu budi menjelaskan jika tidak adanya perlawanan maka tindakan pemukulan tersebut tidak akan dilakukan ini karena terjadi pelarian dan yang bersangkutan mencoba melawan belum pernah terjadi sebelumnya dan tidak pernah ada pemukulan di lapas ujar budi menurut budi napi kabur dengan cara menaiki pagar setinggi meter saat pelaksanaan solat jumat masing masing berinisial c dan s keduanya mendekam di rutan tersebut karena kasus narkoba saat ini pihak kepolisian masih terus melakukan penyelidikan terhadap kemungkinan adanya tindak pidana yang dilakukan oleh petugas rutan jika terbukti bersalah maka ditjen pas tak segan segan untuk memberi hukuman sesuai dengan peraturan yang berlaku sedang diselidiki apakah ada unsur pidana atau tidak jika berdasarkan peraturan kepolisian terbukti bersalah tentu kita dukung kita tidak membenarkan tindakan itu ungkap humas ditjen pas akbar hadi sabtu,sipir pemukulan samarinda
52361,jakarta azhari pemuda pulo jahe jatinegara cakung jakarta timur meregang nyawa di empang sedalam meter pemuda tujuh belas tahun itu tercebur ke dalam empang hingga kehabisan nafas empang seluas x meter itu terlihat tidak terawat tumbuhan enceng gondok memenuhi permukaan empang hal itu menyebabkan kedalaman empang tidak bisa terlihat di pinggir kolam tak terawat itu ada tumpukan sampah yang menggunung tumpukan sampah itu yang diduga menyebabkan azhari terperosok hingga tercebur ke dalam empang yang terletak di jl rajiman widyodiningrat rtrw kampung pengarengan kelurahan jatinegara kemacatan cakung berdasarkan informasi yang masuk ke kami empang dalamnya tiga meter ujar kapolsek cakung kompol tri yulianto saat dihubungi minggu peristiwa bermula ketika sekitar pukul wib di kampung pengarengan jatinegara muncul dua kelompok remaja tanggung yang hendak berkelahi kedua kelompok dari kampung pulo jahe dan rawa badung ketika prosesi tawuran hendak dilakukan tiba tiba saja niatan tersebut batal warga memergoki kedua kelompok yang akan bertikai itu dan langsung mengejar mereka karena diusir warga dan dikejar maka pemuda pemuda dari dua kelompok tersebut berlarian secara terpisah pisah menyelamatkan diri masing masing sial bagi azhari karena dia tidak melihat kondisi di depannya dia terperosok ke dalam empang diduga tidak bisa berenang azhari akhirnya tewas karena kehabisan nafas,empang
52380,jakarta empang yang diperkirakan berkedalaman meter yang membuat azhari tenggelam di jl rajiman widyodiningrat rt rw kampung pengarengan kelurahan jatinegara kecamatan cakung jakarta timur itu awalnya adalah lubang tanah besar lama lama lubang itu menjadi rawa berlumpur yang diyakini ada penunggunya menurut sesepuh di rt itu hajah marhani yang menghuni kampung itu sejak lahir sudah ada beberapa orang yang meninggal di rawa itu marhani mengatakan di empang itu diyakini ada penunggunya kalau meninggal gara gara rawa ada orang yang tenggelam cuma yang semalam aja yang itu yang penunggunya sering mancing ngambil ikan setelah ambil ikan dia makan ikan dibakar diambil dikembalikan lagi ikannya setelah itu orangnya mati kata marhani yang ditemui di rumahnya kejadian terakhir ada orang yang meninggal di empang sudah lama sekitar tahun an perihal penunggu di empang itu marhani mendapatkan cerita lisan dari neneknya sekitar an tahun lalu saat dirinya masih gadis empang itu ada penunggunya saat itu ada orang yang meninggal mancing ambil ikan di sana terus mati tutur dia empang itu awalnya hanya lubang tanah besar bila musim kemarau lubang itu kering dan banjir bila musim hujan lama lama lubang itu menjadi empang kemudian setelah menjadi empang dan ada warga yang meninggal usai memancing di empang akhirnya warga mencemplungkan ikan mujair dan lele enceng gondok sama lumpur itu dulunya nggak ada enceng gondok itu memang ada orang yang menanam kalau soal lumpur itu gara gara banyak tumpukan sampah tiap hujan banjir dan akhirnya turun menjadi lumpur imbuhnya ikan ikan di empang lama lama habis dan empang itu menjadi tempat buang hajat warga sebagian ada yang diuruk untuk dijadikan rumah oleh para pendatang baru di malam hari empang dan sekitarnya memang gelap orang yang tak mengenal daerah ini bisa saja tak tahu di situ ada empang berlumpur mungkin gini kalau korban semalam meninggal kalau malam di sini gelap banget lampu lampu di sini dikit apalagi di empang itu nggak ada lampu jadi dari jalan raya mungkin mereka masuk ke kampung sini terus mereka lari empang itu dikira seperti lapangan atau taman kan ada enceng gondoknya tutur dia mengenai tawuran remaja marhani mengatakan di kampung itu sering terjadi terutama di malam minggu di sini sudah biasa itu tawuran setiap malam minggu di bulan juni ada tawuran april mei nggak ada gara gara awal april ada polisi yang razia juni ini ada lagi biasanya remaja dari pulo jahe dengan daerah buaran kebanyakan anak anak sma smp stm masih muda muda yang tawuran kata marhani,empang
52423,banyumas saat warga miskin antre mendapatkan bantuan langsung sementara masyarakat atau balsem selasa mbok warkem berada di rumah kecilnya yang dibangun dari hasil gotong royong warga perempuan tua sebatang kara asal banyumas ini hanya bisa pasrah warga tidak terima dan menanyakan ke pemerintah setempat mbok warkem tinggal di sebuah rumah tanpa mck desa rempoah kecamatan baturaden banyumas jateng ukuran rumahnya x meter hanya ada dapur dan tempat tidur rumah kecil itu diapit rumah warga sehari hari nenek yang ditinggal mati suami dan anaknya tahun lalu itu mencari kesibukan dengan mengumpulkan kayu bakar untuk makan ia lebih sering mengandalkan uluran tangan warga kompensasinya ia membersihkan rumah warga tapi kadang warga tidak tega hanya memberikan makanan tanpa kompensasi apapun mbok warkem tak bisa ikut antre balsem karena tak memiliki kartu perlindungan sosial kps padahal ia terdata sebagai penerima beras miskin jamkesmas dan blt bantuan langsung tunai warga sekitar tidak terima dengan kondisi itu mempertanyakan hal tersebut ke aparat desa setempat kadang sering bantu bantu kalau makan saya berikan sayur saja sedangkan nasi biasanya mbok warkem masak sendiri kata sri haryati tetangga mbok warkem kepada wartawan selasa ketua rt setempat wahyono mengatakan di lingkungannya hanya ada kk yang menerima kps beberapa di antaranya bisa dibilang mampu sedangkan mbok warkem malah tidak dapat warga pada tanya dia mbok warkem seharusnya dapat karena punya hak sebagai warga negara kata wahyono warga mempertanyakan bagaimana survei dilakukan sehingga kps bisa salah sasaran selain mbok warkem menurut wahyono ada romlah yang layak menerima kps dan balsem romlah adalah janda tua yang hidup hanya bersama cucunya dengan berjualan kecil kecilan mereka mbok warkem dan romlah tidak dapat balsem padahal biasanya mereka mendapatkan dari pemerintah seperti raskin jamkesmas blt jelasnya sutarso warga yang mendapatkan kps mengaku selama ini tidak pernah mendapatkan bantuan apapun dari pemerintah tapi saat ini ia malah dapat kps dari dulu tidak pernah dapat bantuan katanya saat berada di rumah mbok warkem pmerintah desa mengaku hanya mendapatkan data dari pusat pihaknya hanya membantu petugas pt pos indonesia untuk mengundang para warga yang menerima kps total warga yang mendapatkan kps atau balsem berjumlah kk data kk ini juga total data penerima raskin tapi mbok warkem malah tidak dapat kata kaur umum desa rempoah heri lispriyono saat dikonfirmasi wartawan heri menjelaskan seharusnya banyak warga yang menerima balsem tapi dia tak bisa mengusulkan sebab tiba tiba data sudah datang dan dana harus segera dibagikan sayang tidak ada nama mbok warkem atau romlah di daftar itu,balsem
52490,jakarta politisi pks jazuli juwaini memberi penjelasan terkait dakwaan luthfi hasan ishaaq yang mencantumkan namanya jazuli disebutkan terkait dengan dengan perumahan di batu ampar jakarta timur jazuli menjelaskan dirinya tidak bernah berurusan dengan luthfi mengenai cluster di condet saudara ahmad zaky datang ke saya menawarkan investasi untuk membangun cluster di atas tanah milik pak tanu ujarnya di gedung dpr selasa tawaran investasi itu ditolak tapi zaky asisten pribadi luthfi yang juga staf bidang ekonomi di dpp pks kemudian meminta pinjaman modal saya bilang nggak ada duit terus zaky bilang boleh nggak pinjam nama untuk kredit di bank modalnya ga cukup terang jazuli dia zaky kan minjam nama untuk kredit di bank ujar dia saya nggak pernah ngomong sama pak luthfi imbuhnya nama jazuli masuk dalam dakwaan luthfi terkait perumahan di batu ampar iv no rt jakarta timur luthfi didakwa menerima pemberian pembayaran cicilan atas kredit pemilikan rumah syariah kprs bank muamalat dari ahmad zaky senilai rp juta uang sebesar itu untuk pembelian dua unit cluster seharga rp miliar pada november luthfi bersama suripto dan zaky menemui tanu margono untuk membeli sebidang tanah seluas meter persegi kata jaksa wawan kemudian luthfi dan zaky membagi tanah tersebut ke dalam lima blok dalam satu cluster dua blok milik luthfi dan sisanya untuk zaky budiyanto dan jazuli juwani untuk membayarnya luthfi mengajukan kredit dari bank muamalat rp miliar dengan menggunakan nama nama pemilik blok,luthfi fathonah
53496,jakarta gang lokasi pemerkosaan wartawati di jl pramuka matraman jaktim sepi dan gelap tak ada penerangan kala malam gang itu hanya berjarak meter dari halte transj pramuka berdasarkan pantauan jumat pukul wib gang itu memiliki lebar meter gang diapit area tanah kosong yang sudah dipagari dan gedung notaris berjalan masuk ke dalam gang baru meter kemudian menemukan rumah warga itu pun kondisinya sepi baru di sekitar perumahan warga itu ada penerangan jarang warga lewat gang ini sepi soalnya kata nana seorang penjual kopi tak jauh dari gang itu tak heran pelaku pemerkosaan bisa beraksi tanpa diketahui saat pelaku melakukan tindakan keji bila korban berteriak pun akan sulit didengar warga apalagi kabarnya korban diancam akan dibunuh biasanya warga memilih jalan lain tidak lewat gang itu imbuh nana korban diperkosa pada kamis pukul wib pelaku juga menganiaya korban dengan mencekik dan memukul korban saat ini dirawat di rs polri saat itu korban baru pulang kerja dari kantornya dengan berjalan kaki korban biasanya melintas di jalan gang itu,perkosaan
52601,yogyakarta bayi satu badan berkepala dua asal majenang cilacap jawa tengah dirawat di rsu dr sardjito yogyakarta anak pasangan usman dan munjiah itu dirawat di bagian nicu neonatal intensive care unit kondisinya stabil rumah sakit dr sardjito sudah beberapa kali menerima bayi kembar siam tetapi baru pertama kali menerima bayi berbadan satu dengan dua kepala kata kepala bagian humas dan hukum rsup dr sardjito trisno heru nugroho pada wartawan di kantor jl kesehatan yogyakarta jumat bayi dirawat di rs sardjito sejak kamis sore menurut heru dalam dunia medis bayi kondisi seperti itu disebut paraphagus discephalus on joined twins saat masuk rumah sakit berat badan bayi kilogram dan panjang centimeter kondisi bayi bagus dan stabil katanya rs sardjito akan membentuk tim khusus untuk menangani bayi tersebut pada tahap awal tim medis berusaha membuat kondisi bayi stabil caranya dengan memasang oksigen kanal liter per menit infus d dan ngt selang untuk memasukkan cairan pengganti asi tim dokter hari ini mulai rapat untuk pemeriksaan organ dalam apakah terjadi duplikasi organ atau tidak katanya tim medis tidak mungkin melakukan pemisahan kepala karena badannya hanya satu pemisahan bisa dilakukan bila badan dan kepala ada dua mengenai biaya perawatan kata heru pasien ditanggung jampersal dengan demikian perawatan pasien akan gratis selama lebih kurang hari setelah hari biaya masih ditanggung pemerintah untuk perawatan di nicu diperkirakan sekitar rp ribu sampai rp juta per hari,bayi kepala dua
57085,texas aksi penembakan kembali terjadi di amerika serikat sedikitnya dua orang tewas dan dua lainnya luka luka dalam dua insiden penembakan terpisah di negara bagian texas dalam insiden pertama seorang pria bersenjata menembaki dua tetangganya lalu menembak dirinya sendiri hingga tewas penembakan itu terjadi setelah pertengkaran antar dua keluarga di daerah cypressm sekitar kilometer barat laut houston kota terbesar di texas dalam kejadian itu seperti dilansir news com au jumat kedua tetangga dalam kondisi serius akibat penembakan tidak jelas apa yang memicu pelaku melakukan penembakan tersebut dalam insiden penembakan lainnya seorang polisi texas utara menembak mati seorang pria setelah pria itu melepaskan tembakan ke arah kerumuman orang di luar sebuah bar belum diketahui identitas polisi maupun pria yang tewas itu juga tidak jelas mengapa pria itu melepaskan tembakan ke kerumunan orang banyak tersebut as memiliki angka kepemilikan senjata api tertinggi di dunia menurut organisasi antikekerasan senjata brady campaign to prevent gun violence sekitar juta senjata api baru diproduksi untuk dijual di as setiap tahunnya sementara sekitar juta senjata api bekas terjual setiap tahunnya,amerika penembakan
52731,jakarta pemondokan jamaah haji di makkah paling dekat berjarak meter ke masjidil haram dan terjauh meter biaya sewanya lebih murah ketimbang malaysia tidak ada perumahan yang dekat karena ada pembongkaran paling dekat meter dan terjauh meter tetapi bukan masalah karena ada transportasi jamaah kata kadaker makkah arsyad hidayat hal ini disampaikan arsyad di sela sela gladi posko di asrama haji pondok gede rabu dia menjelaskan kloter pertama kedatangan jamaah haji ke makkah diperkirakan tiba pada oktober arsyad membandingkan pemondokan jamaah india kilo meter pakistan kilo meter dan malaysia meter biaya pemondokan jamaah malaysia saya dengar sekitar real sampai real indonesia real harga sewa sama dengan pakistan india dan bangladesh papar dia menurut dia kemenag berupaya memberikan pelayanan perumahan yang terbaik yang memenuhi standar kesehatan pelayanan perumahan diharapkan telah siap dua hari sebelum kedatangan jamaah haji untuk rumah jam sebelum kedatangan jamaah diperiksa semua disiapkan mulai dari ac air dan wangi wangian ruangan supaya sejuk ujar dia untuk penempatan jamaah lanjut dia dilakukan sistem undian tahun ini ada kebijakan pemotongan kuota haji lokasi tawaf sempit kemungkinan jamaah yang tua dan uzur berkurang jamaah yang tua akan diberi pelayanan akses akses yang dekat kata dia,haji
52767,jakarta penuntut umum pada komisi pemberantasan korupsi kpk mulai mengusut harta kekayaan irjen djoko susilo yang dialihkan ke istri keduanya mahdiana sang istri sanggup membeli rumah buah dan membuka restoran di central park sahabat mahdiana heni rayani mengaku pernah diajak berinvestasi di salah satu restoran di central park restoran tersebut dimiliki oleh mahdiana heni lantas menginvestasikan uang rp miliar namun tak lama kemudian usaha tersebut mengalami kendala belakangan tutup karena kalah persaingan usaha dengan yang lain kata heni saat bersaksi di pengadilan tipikor selasa notaris pejabat pembuat akta tanah ppat budiono juga mengkonfirmasi adanya pembelian unit rumah oleh mahdiana seluruh tanah dan bangunan itu beratasnamakan mahdiana berikut tanah tersebut sebidang tanah seluas meter persegi di jalan paso kelurahan jagakarsa pasar minggu jakarta selatan dengan harga sebesar rp juta dibeli pada maret sebidang tanah seluas meter persegi di jalan paso rt rw kelurahan jagakarsa kecamatan pasar minggu jakarta selatan dengan harga sebesar rp miliar tanah ini dibeli pada tanggal maret sebidang tanah seluas meter persegi di jalan cendrawasih mas blok a nomor rt rw kelurahan tanjung barat kecamatan jagakarsa kotamadya jakarta selatan pada desember dengan harga rp miliar sebidang tanah seluas meter persegi di jalan setapak rt rw kelurahan jagakarsa kecamatan jagakarsa kota jakarta selatan propinsi dki jakarta dari tjipto natawihardja dengan harga sebesar rp juta pada februari sebidang tanah seluas meter persegi di jalan durian rt rw kelurahan jagakarsa kecamatan jagakarsa kota jakarta selatan propinsi dki jakarta dengan harga sebesar rp juta pada mei sebidang tanah seluas meter persegi di jalan gang pondoh rt rw kelurahan jagakarsa kecamatan jagakarsa kota jakarta selatan dengan harga sebesar rp juta pada mei sebidang tanah seluas meter persegi di jalan jatipadang rt rw kelurahan jatipadang kecamatan pasar minggu kota jakarta selatan propinsi dki jakarta dari mustafa dengan harga sebesar rp juta pada september sebidang tanah seluas meter persegi berikut bangunan di kampung ragunan rt rw kelurahan jatipadang kecamatan pasar minggu kota jakarta selatan propinsi dki jakarta dari sainih dengan harga sebesar rp juta pada juli sebidang tanah seluas meter persegi di jalan margasatwa nomor rt kelurahan jatipadang kecamatan pasar minggu kota jakarta selatan propinsi dki jakarta dengan harga rp miliar pada mei sebidang tanah seluas meter persegi di jalan setapak nomor rt rw kelurahan jatipadang kecamatan pasar minggu kota jakarta selatan propinsi dki jakarta dari rodiyah dengan harga sebesar rp juta pada juli sebidang tanah seluas meter persegi di jalan setapak rt rw kelurahan jatipadang kecamatan pasar minggu kota jakarta selatan propinsi dki jakarta dengan harga sebesar rp juta pada desember sahabat mahdiana mengenal sosok irjen djoko bernama andika susilo oleh mahdiana irjen djoko biasa dipanggil papa meski bergelimang harta mahdiana pun ternyata sempat ingin cerai dengan irjen djoko mengenai mas dika mahdiana pernah cerita pernah datang kepada saya dalam kondisi menangis saya gak kuat hidup seperti ini saya mau berpisah ujar heni,korlantas djoko susilo
52773,bandung sebanyak anggota tni ad dari kesatuan infanteri yang mengikuti rabinniscab tni ad hari ini mengikuti eksersisi pertempuran senjata mortir dan slt senjata lawan tank belasan mortir ditembakkan di lapangan chandra dimukha pusdikif pussenif jalan supratman bandung rabu pagi peragaan eksersisi pertempuran senjata dimulai peragaan eksersisi dengan menggunakan mortir mo mortir tersebut diproduksi di pabrik salgat finlandia dengan jenis tampela mo ini diawaki oleh personel yaitu komandan pucuk dancuk tabak taban dan tamu sebelumnya jabatan awak mortir ditunjuk terlebih dahulu dengan sigap mereka memeriksa senjata untuk bersiap maju ke medan laga berdasarkan aba aba komandan mereka pun lalu menyusun formasi penyerangan sesuai dengan target yang diinstruksikan mereka pun lalu menembak lalu bum terdengar suara amunisi granat melesat dengan bentuk lintasan yang melengkung lalu kemudian menancap di lapangan granat yang sebenarnya akan pecah atau meledak saat jatuh di tanah granat yang digunakan dalam kegiatan ini adalah granat latih a dummy yang terbuat dari semen ini hanya untuk melatih melatih awak atau pelayan pucuk supaya bisa berlatih bagaimana menembak yang sebenarnya sehingga nantinya bisa terus terlatih ujar jenal abidin staf litbang pindad saat menerangkan demo tersebut amunisi yang digunakan merupakan produk pt pindad persero amunisi latihan ini berdiameter mm dengan panjang mm dan berat gram setelah itu anggota ditunjukkan bagaimana penggunaan slt latih buatan pindad slt latih tersebut terdiri dari pucuk senjata slt dan granat latih yaitu peluru hampa kaliber terlihat satu orang prajurit memegang pucuk di bahu kanannya sementara satu prajurit lainnya menahan badannya lesatan granat menembus papan sasaran lalu menancap di tanah jarak capai maksimal slt yaitu m ini digunakan untuk melatih keterampilan pelayan pucuk mortir jelasnya yang terakhir diperagakan bagaimana menembak mortir dari atas kendaraan tempur kali ini yang digunakan yaitu panser anoa yang juga produksi pindad hampir sama dengan mortir di darat yang diperagakan pertama namun kali ini mortir ditembakkan dari atas panser tersebut ada dua granat yang dilesatkan dari anoa itu setelah peragaan para peserta rabiniscab dari tiap brigade atau grup kopassus mencoba melakukan penembakan dengan menggunakan mortir dan slt seperti yang telah diperagakan mereka terlihat antusias mengikuti kegiatan ini,Latihan TNI
52796,medan hujan es dan angin puting beliung melanda dua kecamatan di kabupaten dairi sumatera utara sumut akibatnya paling tidak rumah rusak dan empat orang menderita luka luka keterangan yang diperoleh menyebutkan angin kencang itu terjadi sekitar pukul wib selasa sekejap saja rumah rumah warga yang berada di kecamatan lae parira dan kecamatan berampu berterbangan atap atapnya kepala pelaksana badan penanggulangan bencana daerah bpbd dairi maruli barasa menyatakan pendataan sementara tengah dilakukan namun terkendala listrik yang padam untuk sementara yang sudah kita data ada rumah yang rusak ada juga korban luka empat orang kalau kerugian mencapai ratusan juta rupiah ini kata barasa kepada wartawan dari lokasi kejadian sekitar kilometer dari medan ibukota sumut disebutkan barasa akibat angin kencang ini areal tanaman padi milik warga juga mengalami kerusakan batang padi rubuh tersapu angin bpbd dan pemerintah setempat untuk sementara kesulitan melakukan pendataan menyeluruh karena situasi yang gelap rencananya proses pendataan maupun penanganan lanjutan akan dilanjutkan pada rabu besok,hujan sumut
52848,bantul gelombang tinggi laut selatan yogyakarta menerjang pemukiman warga pantai samas di kecamatan sanden bantul sejumlah rumah roboh dan rusak sementara belasan lainnya tergenang air laut gelombang laut selatan mulai mengalami pasang sekitar pukul wib dan hingga menjelang siang masih berlangsung selasa mulai pasang tadi malam tapi sempat surut lalu pagi kembali pasang kata dwi wiratno warga samas gelombang yang mencapai ketinggian meter yang terjadi di pantai samas tidak saja mengakibatkan abrasi lebih dari meter tapi juga menghilangkan jalan aspal di bibir pantai sebuah sumur yang semula ada di dekat pemukiman saat ini bahkan berada di perairan sekitar meter dari bibir pantai gelombang juga mengakibatkan rumah warga mengalami kerusakan bahkan lebih dari separuh bangunan sudah roboh akibat terjangan gelombang keenam rumah yang sebagian roboh dan rusak parah yakni milik mujirah yatin jirah ny rubiyem mujiman isbingan dan parjono gelombangnya terus mengantam rumah jadi sedikit demi sedikit bangunan roboh ujar dwi wiratno tingginya gelombang juga membuat belasan rumah yang berdekatan dengan bibir pantai tergenang air laut puluhan warga bahu membahu menyelamatkan berbagai barang barang dari dalam rumah sementara warga lainnya tampak menata berbagai barang dan perabot seperti pakaian alat masak hingga kasur ke atas truk untuk dibawa mengungsi ke rumah sanak saudara mengantisipasi semakin meluasnya abrasi dan terjangan gelombang badan penanggulangan bencana daerah kabupaten bantul berniat menata pemukiman di kawasan pantai samas sekarang ini kan pemukiman sudang sangat dekat dengan laut harus ditata ulang dan kita arahkan warga agar menjauh dari bibir pantai kata dwi daryanto kepala bpbd bantul selain berniat melakukan penataan ulang bpbd bantul juga akan menfasilitasi warga yang tak lagi memiliki tempat tinggal bagi yang rumahnya tak lagi bisa ditempati atau yang tergenang akan kita buatkan tenda darurat kita sedang koordinasi dengan pihak pihak terkait agar warga tidak cemas termasuk urusan logistiknya ujarnya,ombak tinggi
52901,jakarta seiring dengan kenaikan harga bbm tarif angkutan umum juga mengalami kenaikan besaran kenaikan tersebut disesuaikan dengan kenaikan harga bbm secara umum kenaikan tarif dasar angkutan umum antar kota antar propinsi akap adalah ujar dirjen perhubungan darat kemenhub suroyo aliemoso di gedung kemenhub jl medan merdeka barat jakarta pusat senin sehingga tarif dasar wilayah i yang semula rp per penumpangkilometer pada tahun menjadi rp per penumpangkilometer pada tahun sementara tarif dasar wilayah ii yang semula rp per penumpangkilometer pada tahun menjadi rp per penumpangkilometer pada tahun selain tarif akap tarif angkutan penyeberangan lintas komersial antarpropinsi juga mengalami kenaikan tarif tersebut akan berimbas pada lintas penyeberangan komersial antar propinsi akibat kenaikan bbm sehingga tarif terpadu angkutan penyeberangan mengalami kenaikan ungkap suroyo kenaikan angkutan penyeberangan hanya sebesar karena biaya pelabuhan tidak mengalami kenaikan informasi mengenai kenaikan tersebut akan dilakukan oleh pengelola pelabuhan penyeberangan pt asdp indonesia ferry upt pelabuhan penyeberangan serta otoritas pelabuhan penyeberangan tarif baru tersebut akan diberlakukan pada tanggal juni pukul waktu setempat ungkapnya sementara untuk tarif metromini merupakan wewenang pemerintah provinsi sebab menurutnya gubernur di setiap daerahlah yang lebih tahu kemampuan masyarakatnya kita menetapkan kenaikan tarif tapi kalau angkutan menaikkan atau itu kebijakan mereka sendiri dan itulah kesana mereka larinya papar suroyo menurutnya kemungkinan pemerintah provinsi akan menambahkan komponen lain untuk menaikkan tarif tersebut seperti biaya perawatan spare part ban rem dan oli pihaknya juga akan mengawasi terminal dan pelabuhan untuk antisipasi penyelewengan kenaikan tarif tersebut bus akap diperbolehkan menaikkan tarif angkutan umum hingga saat peak season namun saat sepi bus tersebut tidak boleh menurunkan tarif hingga itu berguna agar mereka bisa survive karena persaingan di jalan raya ini luar bisa ucapnya sebab menurutnya jarak pendek jarak dekat angkutan umum kalah dengan sepeda motor akses dengan sepeda motor lebih mudah sementara angkutan umum tidak dapat menjangkau semua lokasi maka kita harus hati hati dalam menata pola jaringan trayek berintegrasi antara jarak jauh jarak dekat dan jarak menengah tandasnya,bbm angkot
52914,bandung agus wahyudi tewas kena lemparan batu oleh orang tak dikenal sewaktu menumpangi mobil pelat b yang melintas di tol cipularang kilometer minggu juni sekitar pukul wib batu ukuran besar mendarat dan menembus kaca depan kiri tepat agus duduk di mobil avanza b fkc akibat kejadian itu satu orang meninggal mobil pun mengalami kerusakan jelas kabidhumas polda jabar kombes pol martinus sitompul di kampus universitas langlangbuana unla jalan karapitan kota bandung senin martin menuturkan mobil pelat b yang dikendarai suryono tersebut melintas dari arah bandung menuju jakarta pelaku melempar batu dari jembatan yang diarahkan ke bawah batu yang dilempar dari ketinggian sekitar tujuh meter itu mengenai korban agus yang duduk di samping sopir korban langsung dibawa ke rs thamrin purwakarta jelas martin agus tercatat sebagai warga jalan haji murdan rt rw kelurahan jatimulya kota bekasi informasi dihimpun agus waktu kejadian bersama istri dan tiga penumpang lainnya polres purwakarta kata martin sudah mengamankan dua orang yang diduga pelaku pelemparan batu keduanya diamankan satu jam setelah kejadian di lokasi tidak jauh dari tempat pelemparan kami masih menyelidiki motif pelemparan dua orang yang diamanakan itu diketahui sedang mabuk ditemukan juga beberapa botol minuman keras dan batu di tempat pelemparan orang itu kehilangan kesadaran karena mengonsumsi minuman keras tutup martin,persija bola
52945,indonesia bbc patung kayu dianggap selaras dengan tema alam di festival glastonbury dua patung ukiran figuratif besar karya anna gillespie seniman asal bath dipasang di arena festival glastonbury patung yang diberi judul tree people ini dipasang sebagai bagian dari pintu gerbang setinggi tujuh meter di festival musim panas yang berlangsung di healing field patung ini bentuk manusia yang dilapisi kulit pohon ini akan terlihat duduk di atas pintu gerbang didesain sesuai dengan tema pohon dalam festival yang akan dimulai juni nanti patung bentuk wanita akan terlihat melihat ke bawah ke penonton yang melintas di bawahnya sementara patung pria akan memandang ke arah panggung piramida sebagai panggung utama festival gillespie yang mengerjakan karya ini di studionya di larkshall bath mengatakan ukiran saya sering menggunakan pohon dan jadi saya sangat senang saat diminta untuk menciptakan dua manusia kayu ini saya menggunakan keping kulit pohon karena ini bertahan lama murah dan bisa didaur ulang yang selaras dengan tema festival semoga karya saya di sana bisa menjadi sangat spesial,BBC-magazine glastonbury patung kayu
57858,jakarta kawasan simpang jomin karawang jawa barat selalu menjadi momok menakutkan bagi para pemudik daerah ini selalu menjadi langganan macet parah termasuk pagi ini memantau langsung kemacetan itu dari udara bersama rombongan kementerian perhubungan ada dua helikopter yang digunakan untuk kegiatan ini wamenhub bambang susantono sabtu terjun langsung ke lokasi dari sejumlah jalanan yang ditinjau hanya simpang jomin yang terlihat padat kemacetan mengular hingga kilometer kendaraan yang tertahan mulai dari mobil pribadi bus hingga motor kemacetan terjadi sejak keluar tol cikampek hingga dua kilometer setelah melewati jomin arus sebaliknya pun tampak padat kepadatan juga disumbang oleh pasar pasar tumpah antara lain di tegalgubuk cirebon di spbu juga padat sementara arus kendaraan dari arah jakarta menuju pamanukan lancar demikian pula arah sebaliknya,JM2013
53079,indonesia bbc tim penyelamat berhasil temukan pendaki tersesat berkat aplikasi di telepon pintar seorang pendaki gunung di snowdonia wales yang tersesat berhasil ditemukan berkat bantuan aplikasi telepon pintar sebelumnya dua tim penyelamat aberglaslyn dan south snowdonia mendapat panggilan darurat pada sabtu malam setelah seorang lelaki berusia tahun tersesat dekat kawasan moel yr hydd tanygrisiau pendaki gunung yang diketahui berasal dari kawasan liverpool itu diketahui tersesat karena kehilangan arah setelah kabut turun dan proses pencarian ini dibantu dengan aplikasi telepon pintar yang membuat tim penyelamat menentukan lokasi lelaki tersebut dia berhasil ditelusuri dengan menggunakan sarloc sebuah sistem yang terpasang di telepon pintarnya yang bisa dengan tepat memberi tahu lokasinya saat itu gethin edwards salah seorang anggota tim penyelamat aberglaslyn mengatakan itu adalah sebuah piranti lunak yang fantastis aplikasi sarloc ini diaktifkan dengan mengirimkan pesan teks ke ponsel si pendaki dan dia diminta untuk masuk ke sebuah situs yang kemudian menunjukkan lokasi dia berada hal inilah yang membantu tim penyelamat menemukan dirinya melalui peta digital tim kemudian berangkat menuju lokasi dan berhasil menemukannya di sebuah bukit aplikasi ini akurat sampai hitungan meter kata edwards sangat fantastis untuk kami,BBC-magazine telepon pintar ponsel aplikasi
53111,jakarta susan was was putrinya yang baru duduk di kelas sd hampir saja dibawa pria tak dikenal usai pulang dari sekolah di sebuah sd di jakarta barat pria itu gendut dan hitam serta membawa motor jadi anakku itu baru keluar dari gerbang sekolah terus baru meter didekati orang yang memakai motor cerita susan saat ditemui susan menuturkan peristiwa itu terjadi pada jumat siang tiba tiba pria itu menghampiri putrinya dan menawarkan untuk potong rambut pria itu mau mengajak potong rambut putri saya kemudian lari tapi pria itu mengejar terang susan yang bekerja di media ini sebagai ibu dia merasa beruntung putri pertamanya itu tak mudah percaya pada orang asing bagaimana bila putrinya mudah percaya dan ikut dengan pria itu putri saya langsung lari dan bersembunyi di sebuah warung tutur susan akhirnya melihat anak perempuan umur tahun itu masuk warung sang pria tak dikenal itu pergi dan pemilik warung yang baik hati kemudian menolong bocah itu anak saya ditanya ketakutan bingung san shock dia waktu ditanya sama pemilik warung itu sampai bingung nggak tahu jalan pulang dan rumah di mana jelas susan akhirnya putrinya itu diberi air putih baru lancar bercerita rumah susan di kawasan sukabumi selatan jakarta barat berjarak sekitar menit berjalan kaki dari sekolah sd itu akhirnya anak saya dianteri oleh orang di warung itu sampai di rumah bapak itu cerita sudah beberapa kali ada kejadian serupa ada anak anak yang seperti itu diikuti pria tak dikenal urai susan kejadian ini membuat susan risau untuk keamanan putrinya dia bahkan berencana memindahkan sekolah putrinya dan kemudian antar jemput dari sekolah ke rumah yang penting anak jangan mudah percaya dan mau sama orang tak dikenal pesan susan,penculikan
53183,managua tragis para pejabat senior angkatan udara nicaragua tewas ketika helikopter yang mereka naiki jatuh di dekat danau managua nicaragua total ada orang yang tewas dalam kecelakaan heli yang terjadi kamis juni waktu setempat itu termasuk kepala staf angkatan udara kolonel manuel lopez kepala intelijen angkatan udara kolonel chester vargas dan kepala pertahanan udara letkol aldo herrera demikian pernyataan militer nicaragua seperti dilansir kantor berita afp jumat disebutkan bahwa helikopter mi itu jatuh usai berkunjung ke tempat latihan menembak el papalonal di la paz centro sekitar kilometer barat laut managua ibukota nicaragua para pejabat itu akan kembali managua ketika tak lama setelah lepas landas pilot melakukan panggilan darurat untuk mengingatkan adanya masalah penerbangan tidak disebutkan apa masalah yang dimaksud sejumlah saksi mata menuturkan heli tersebut terbakar dan meledak di udara lalu terjun ke bumi dari ketinggian sekitar meter sejumlah personel angkatan udara berpangkat rendah juga tewas dalam insiden itu para perwira senior yang tewas kebanyakan merupakan gerilyawan sandinista yang membantu membentuk militer modern nicaragua menyusul kemenangan revolusi sayap kiri terhadap diktator anastasio somoza pada tahun silam,nicaragua pesawat
53221,ottawa ledakan terjadi di sebuah pabrik kembang api yang ada di quebec kanada dua orang dilaporkan tewas akibat ledakan yang terjadi terus menerus selama jam itu seperti dilansir afp jumat ledakan pertama terjadi pada kamis pagi waktu setempat dan kemudian berlanjut hingga jam kemudian letusan kembang api mewarnai insiden ini seiring keluarnya asap putih yang membumbung tinggi ke angkasa ledakan ini terjadi di salah satu gedung pabrik di coteau du lac quebec sekitar km dari montreal saking kerasnya bunyi ledakan ini terdengar oleh warga yang tinggal berkilo kilometer jauhnya dari lokasi kejadian setelah berjuang selama beberapa jam sebanyak petugas pemadam yang diterjunkan ke lokasi akhirnya berhasil memadamkan kebakaran akibat ledakan ini bangunan pabrik sampai rata dengan tanah namun sayang ledakan ini memakan korban jiwa dua orang yang diyakini karyawan pabrik pembuat kembang api ini ditemukan tewas penyebab insiden ini belum diketahui pasti juru bicara kepolisian quebec joyce kemp menuturkan pihaknya masih melakukan penyelidikan menyeluruh untuk mencari tahun penyebab ledakan ini dampak insiden ini puluhan warga yang tinggal di dekat lokasi kejadian terpaksa dievakuasi ke tempat yang lebih aman sedangkan jalan raya yang menghubungkan montreal dengan toronto yang ada di dekat lokasi kejadian sempat ditutup sementara demikian halnya dengan jalur kereta api yang menghubungkan montreal ke ottawa,kanada ledakan
54321,jakarta gubernur dki joko widodo meninjau pekerjaan normalisasi kali pesanggrahan di cidodol jakarta selatan jokowi ingin menunjukkan bahwa programnya berjalan ini sudah mulai di tanah kusir sudah lebih kelihatan lagi ini ingin ditunjukkan kalau sudah dimulai ujar jokowi di pinggir kali pesanggrahan di cidodol kebayoran lama jaksel rabu jokowi datang sekitar pukul wib seperti biasa warga begitu antusias menyambut saat jokowi tiba jokowi mengatakan tidak ada masalah dalam proyek yang sedang berjalan tersebut dia berharap agar masyarakat dapat ikut mendukung program ini kalau warga sadar ini kepentingan orang banyak untuk juta warga dki lebih aman lanjutnya jokowi menargetkan proyek normalisasi ini bisa selesai dua tahun lagi kepala balai besar wilayah sungai ciliwung cisadane bbwscc kementerian pu bastari di tempat yang sama menjelaskan saat ini proyek normalisasi sungai pesanggrahan sudah berjalan persen dikeruk meter ke kanan dan kiri plus meter untuk akses warga dikeruk meter ke bawah selama ini kedalaman hanya meter hujan sedikit saja banjir kata bastari,jokowi kali
53269,semarang kecelakaan maut terjadi antara bus pariwisata dan tiga motor di jl siliwangi semarang hari kamis malam akibatnya dua wanita pengendara motor tewas karena diseruduk bus dari belakang saksi mata yang ada di lokasi budi wiyono mengatakan peristiwa terjadi sekitar pukul wib saat itu tiga motor yaitu jupiter mx bernopol h qy yamaha jupiter z bernopol b zt dan viar bernopol k cr sedang berhenti di traffic light jl siliwangi tepatnya di pertigaan hanoman namun tiba tiba dari arah barat kendal melaju bus po asia perdana b ad dengan kecepatan tinggi dan tidak terkendali bus kencang terus membanting stir ke kiri dua sepeda motor diserempet dan satu motor ditabrak kata budi di lokasi kejadian jl siliwangi semarang kamis diketahui korban meninggal adalah dwi sujiati yang berboncengan menggunakan jupiter mx bersama febri giri saputro yang mengalami luka parah pasca kecelakaan korban meninggal lainnya adalah nurhayati yang membonceng suaminya sudadi menggunakan motor viar menurut keterangan saksi korban dwi sempat terpental sejauh meter sebelum akhirnya terseret dan terlindas bus sempat terpental kondisinya mengenaskan tandasnya sementara itu kanit laka satlantas polrestabes semarang akp slamet mengatakan supir bus po asia suyono mengaku kendaraannya mengalami rem blong sehingga menabrak tiga motor di depannya namun saat bus tanpa penumpang itu dibawa ke kantor satlantas di semarang barat rem dalam kondisi berfungsi normalanehnya waktu bus dibawa dari ke kantor remnya berfungsi baik oleh sebab itu kami masih akan menyelidiki penyebab pastinya pungkas slamet setelah peristiwa tersebut korban selamat ataupun meninggal dibawa ke rsup kariadi sedangkan supir bus menyerahkan diri ke polisi yang berada di pos tidak jauh dari lokasi kejadian,kecelakaan
53279,washington waduh tingkat radioaktif meningkat di luar tangki penyimpanan limbah nuklir di negara bagian washington amerika serikat ini menimbulkan keprihatinan baru atas lokasi yang dulunya digunakan untuk membuat bom bom nuklir era perang dingin itu menurut gubernur jay inslee seperti dilansir afp sabtu saat ini tak ada ancaman kesehatan publik terkait hal tersebut namun dia mendesak otoritas federal untuk mempercepat tindakan guna mengatasi kebocoran nuklir di hanford tersebut masalah ini sebenarnya telah diingatkan inslee sejak sekitar empat bulan lalu pada februari lalu inslee mengatakan setidaknya enam tangki yang berisi limbah radioaktif nuklir mengalami kebocoran hal ini diketahui berdasarkan menurunnya level radioaktif di dalam tangki tangki tersebut namun saat itu level radiasi di luar tangki tangki itu tidak menunjukkan peningkatan namun sekarang level radiasi yang meningkat telah terdeteksi di sebuah lubang dekat salah satu tangki ay di kawasan hanford tersebut ini berita paling merisaukan bagi washington belum jelas apakah kontaminasi ini berasal langsung dari tangki ay namun ini harus ditangani dengan tingkat keseriusan paling tinggi tegasnya kawasan hanford dikenal sebagai kawasan produksi bom nuklir fat man yang didirikan pada bom nuklir ini menjadi senjata pemusnah massal yang dijatuhkan tentara sekutu di nagasaki jepang pada silam yang mengakhiri perang dunia ii berdasarkan data departemen lingkungan washington kompleks itu ditutup pada tahun namun tetap menjadi gudang penyimpanan sampah nuklir terbesar di as dengan simpanan juta liter sisa radioaktif kawasan nuklir hanford terletak sekitar kilometer sebelah tenggara seattle,limbah nuklir amerika
53301,islamabad duh seorang aktris muda di pakistan mengalami luka luka bakar setelah disiram air keras di rumahnya insiden mengerikan ini terjadi saat gadis tersebut tidur di rumahnya pada sabtu dini hari waktu setempat gadis berumur tahun itu dikenal dengan nama bushra dia populer di wilayah pakistan barat laut atas penampilannya dalam film televisi dan teater dia diserang saat terlelap tidur di rumahnya di kota nowshera sekitar kilometer barat laut islamabad ibukota pakistan seorang pria memanjat tembok rumah kami saat dini hari menyiramkan air keras ke saudara perempuan saya dan kemudian kabur kata saudara laki laki bushra pervez khan kepada kantor berita afp sabtu seorang pejabat kepolisian setempat sultan khan mengkonfirmasi insiden tersebut gadis tersebut langsung dilarikan ke rumah sakit lady reading di kota peshawar salah seorang dokter di rs tersebut dr suhail ahmad mengatakan korban mengalami luka luka bakar yang mencapai persen di wajah dan bahunya saat ini dia dalam kondisi stabil atas kejadian ini saudara laki laki korban pervez khan telah melaporkan seorang produser drama tv lokal shaukat khan ke polisi alasannya sang produser tidak senang atas sikap bushra yang menolak pinangannya serangan air keras kerap terjadi di pakistan puluhan kasus serupa terus terjadi tiap tahun di negeri itu,pakistan air keras wanita
53304,jakarta kebakaran melanda pemukiman padat di kemayoran telah menghanguskan rumah sedikitnya keluarga kehilangan tempat tinggal mereka dan memilih mengungsi ke sekolah atau masjid terdekat unit mobil damkar yang meluncur ke lokasi kebakaran di gang kemayoran tengah jalan garuda kemayoran jakarta pusat sabtu berhasil memadamkan api pada pukul wib namun hanya dua unit mobil damkar yang bisa masuk gang selebar meter tersebut api hanya menyisakan tembok tembok bekas rumah korban kebakaran dan serpihan bekas kebakaran lainnya warga yang sempat mengeluarkan barang barang mengumpulkannya di salah satu sudut dekat lokasi kebakaran ada pula sejumlah warga mengais sisa kebakaran mencari barang barang yang masih utuh api diduga muncul akibat hubungan arus pendek dari rumah warga bernama samadi di rt kemayoran rumah yang terbakar ada di tiga rt dari rw kemayoran kata kepala suku dinas pemadam kebakaran dan penanggulangan bencana sudin damkar dan pb rahmat di lokasi api cepat menyebar karena puluhan bangunan yang terbakar tersebut adalah rumah semi permanen tidak ada korban jiwa dalam kebakaran ini namun tidak banyak yang bisa diselamatkan warga ketika api mulai menyala detil total kerugian belum bisa kita pastikan karena ini masih pendinginan kata rahmat,kebakaran
53348,jakarta panglima pasukan pertahanan australia hari ini akan meresmikan tugu peringatan terbaru bagi ke orang prajurit australia yang gugur di afghanistan wartawan radio australia melaporkan tugu tersebut berbentuk suatu rentang jalan sepanjang meter yang dinamai lintasan mulia avenue of honour di kawasan ujung utara negara bagian queensland awalnya tugu itu hanyalah suatu upaya oleh keluarga seorang prajurit asal kawasan itu yang gugur di afghanistan untuk mengenang jasa jasanya namun kemudian berkembang menjadi sebuah tugu nasional,ABC Australia superpartner
53405,semarang tebing setinggi meter di kampung taman srinindito karang jangkang rt rw ngemplak simongan semarang longsor dan menimpa salah satu rumah warga angga tewas tertimbun longsor menurut pengurus rt setempat sudarto longsor terjadi sekitar pukul hari rabu kemarin ketika hujan mengguyur kota semarang ia mendengar suara gemuruh yang cukup keras tidak jauh dari rumahnya pas hujan tidak banyak warga yang keluar tapi beberapa saat kemudian ada yang mengetuk tiang listrik membunyikan tanda ternyata ada longsor kata sudarto di taman srinindito karang jangkang semarang kamis kondisi rumah semi permanen milik sudarmaji yang berukuran x meter hancur di bagian belakangnya setelah tertimpa tanah di antar timbunan longsor sudarmaji merintih kesakitan karena kakinya tertimpa material bangunan dan tanah kamar belakang hancur di sana ada pak sudarmaji dan angga pungkasnya warga yang berusaha melakukan evakuasi menemukan angga yang juga tertimbun material bangunan dan tanah di sebelah ayahnya melihat ada korban warga memutuskan untuk memanggil tim sar untuk melanjutkan evakuasi sebelum tim sar datang ada dari polrestabes semarang membantu baru bisa dievakuasi semuanya sekitar dini hari kondisi cuacanya masih gerimis ujar sudarto sudarmaji yang menderita patah tulang dan jenazah anaknya langsung dievakuasi ke rsup kariadi semarang sementara istrinya maria riawati dan anak keduanya sungging selamat karena saat kejadian mereka berada di ruang depan menonton televisi pak sudarmaji dan angga tidur di kamar belakang bu maria dan sungging nonton tv tandasnya warga lainnya sadikun menambahkan longsor yang menyebabkan rumah sudarmaji hancur tidak hanya membawa tanah namun juga pepohonan yang cukup besar sehingga sedikit menghambat proses evakuasi warga membantu memotong pohon pohon yang ikut longsor tim sar evakuasi korban katanya peritiwa longsor itu sudah kedua kalinya terjadi di kampung taman srinindito sejak tahun lalu saat ini wajar jika penghuni rumah di bawah tebing dan rumah di atas tebing merasa was was jika hujan yang cukup deras kembali mengguyur daerahnya kami sering sosialisasi jika hujan turun lebih baik jang di belakang rumah tapi kami tidak akan pindah karena inilah satu satunya tempat tinggal kami pungkas sudarto,longsor semarang
73352,lima sebuah truk yang mengangkut rombongan warga terjatuh ke jurang di andes peru sedikitnya orang tewas dalam kecelakaan maut tersebut seperti dilansir kantor berita reuters senin truk jatuh ke jurang sedalam meter pada jumat saat itu truk tengah melintasi sebuah kawasan pegunungan terjal surat kabar el comercio mengatakan di situsnya tidak ada yang selamat dari kecelakaan maut di provinsi la convencion itu penyebab kecelakaan itu masih belum jelas sementara itu kendaraan yang jatuh ke jurang di wilayah pegunungan andes peru ini bukan pertama kalinya,kecelakaan
53435,jakarta reporter bethany keats bertemu dengan beberapa pengungsi asal afghanistan afrika dan myanmar yang tinggal di geelong sebuah kota yang terletak kilometer barat daya dari melbourne dan ditempati oleh setidaknya pengungsi hari pengungsi sedunia jatuh pada tanggal juni setiap tahunnya di australia tahun ini hari internasional itu jatuh di tengah minggu pengungsi yang merayakan kontribusi para pengungsi di komunitas minggu pengungsi juga mengangkat isu isu penting yang berhubungan dengan pengungsi dan keimigrasian menurut departemen imigrasi dan kewarganegaraan australia ada sekitar ribu dari ribu warga geelong yang bahasa ibunya bukan bahasa inggris dan lebih dari pengungsi telah menempati kota geelong kebanyakan datang dari myanmar afghanistan sudan dan kongo tema minggu pengungsi tahun ini adalah mengembalikan harapan reporter radio australia bethany keats berbicara dengan beberapa pengungsi yang tinggal di kota geelong di negara bagian victoria mengenai pengalaman mereka dan harapan ke depan pengalaman pengungsi yang menetap di geelonganisa atef dari afghanistan tiba di australia pada tahun ia sempat mengungsi di pakistan dengan bantuan pbb kami berjalan kaki melewati beberapa kampung di afganistan perjalanan yang kami tempuh medannya sangat tangguh melewati hutan dan padang gurun kata anisa ia merasa pengalamannya sangat berbeda dengan para pengungsi afghanistan sekarang karena ia tidak pernah ditahan di pusat detensi atau kamp pengungsi ketika anisa tiba belum ada komunitas pengungsi afghanistan di kota geelong tapi sekarang para pengungsi lama berkumpul untuk membantu mereka yang baru tiba harapannya adalah bagi para pengungsi di pusat detensi untuk dibebaskan lain kisahnya dengan jean pierre byamungu dari kongo yang sempat tinggal di kamp pengungsi di malawi ia mengatakan kehidupannya jauh lebih baik di australia kehidupan saya disini sangat baik karena anak anak saya bahagia saya rasa masa depan saya sangat baik karena anak anak akan mendapatkan pendidikan yang baik pungkasnya atim tabitha dari sudan selatan jatuh cinta dengan seorang misionaris australia dan menikahinya ketika ia berada di kamp pengungsi walaupun tabitha tiba di australia sebagai seorang migran dan bukan pengungsi ia mengatakan kehidupannya sebagai pengungsi sangat susah kami lari dari sudan ke uganda mereka datang dan membunuh pengungsi sudan di uganda kami lalu lari ke kamp lainnya kehidupan seorang pengungsi sangat sulit tapi beberapa pengungsi di kota geelong melewati proses penyesuaian yang sulit maw poad adalah seorang kaum minoritas karen di myanmar dan ia datang ke australia pada tahun ia merasa kehidupannya di australia sangat sulit karena keterbahasan bahasa membuatnya susah mendapatkan pekerjaan,ABC Australia superpartner
94871,jakarta penerbangan dari australia ke asiatenggara sebagian besar telah kembali normal setelah sebelumnya sempat ditunda menyusul meletusnya gunung kelud di indonesia yang menyemburkan asap abu vulkanik dan pasir hingga kilometer ke udara maskapai virgin qantas dan jetstar sempat membatalkan penerbangan mereka ke bali dan jakarta begitu juga ke thailand dan singapura menyusul erupsi gunung yang terletak di pulau jawa yang menyebabkan daerah daerah di radius kilometer ditutupi abu vulkanik pembatalan penerbangan ini dilakukan sebagai langkah pencegahan setelah sebelumnya sejumlah penerbangan melaporkan asap abu dari letusan gunung kelud sempat masuk ke dalam kabin pesawat ketika melintasi kawasan erupsi,ABC Australia superpartner
53463,jakarta puluhan bangku taman telah menghiasai pedestrian di sepanjang jalan mh thamrin jakarta pusat bangku bangku itu dipasang di jalan mh thamrin mulai dari bundaran hi hingga kawasan jl medan merdeka barat keberadaan bangku bangku tersebut sangat bermanfaat bagi warga terutama untuk pejalan kaki bagus bisa duduk soalnya sepanjang jalan ini tuh sebelumnya nggak ada tempat untuk duduk ujar sapto warga dki yang bekerja di kawasan thamrin kepada kamis hal senada juga dikatakan warga lainnya menurut adi dengan adanya bangku bangku di sepanjang jalan thamrin sangat membantu bagi pejalan kaki khususnya di saat jam pergi dan pulang kantor kayak gini berfungsi kok enak ada tempat duduk kayak gini kalau pas capek bisa istirahat tutur pria yang saat ditemui sedang menuju sebuah kantor kedubes asing di kawasan thamrin untuk mengurus visa sementara warga lainnya maria berharap warga bukan hanya sekadar memanfaatkan bangku bangku itu namun juga dapat merawatnya iya bagus sih tapi nanti paling dicoret coret tahu sendiri orang kita gimana imbuh maria saat ini baru pedestrian jalan mh thamrin yang dipasang bangku bangku taman untuk bangku taman di pedestrian sepanjang jalan sudirman akan dipasang menyusul setiap unit bangku berkapasitas duduk orang antar bangku berjarak sekitar meter rencananya pemprov dki jakarta akan memasang sekitar bangku taman di sepanjang pedestrian jalan mh thamrin dan jalan sudirman program ini bukan hanya untuk menghiasi kawasan jantung jakarta tersebut tapi juga dalam rangka hut ke dki bangku bangku itu sudah digunakan warga sejak rabu kemarin,bangku bangku taman
53506,jakarta aksi demonstrasi menolak kenaikan harga bbm masih terjadi hingga malam ini terjadi aksi unjuk rasa di luar tol cikarang barat yang menyebabkan kemacetan demonstrasi di luar tol cikarang barat menyebabkan adanya kemacetan ujar leni merina petugas piket jasa marga jumat imbas dari demonstrasi itu kata leni menyebabkan kemacetan ke arah bekasi dari jalan tol cawang ke cikarang kepadatan terjadi dari kilometer nol sampai kemacetan terjadi dari km hingga km dan keadaan macet hingga saat ini masih merayap dan polisi masih ada di lokasi untuk mengamankan dan mengatur lalu lintas kata leni,bbm
53528,yogyakarta ratusan kendaraan bermotor tampak mengular di sejumlah spbu di yogyakarta pemandangan antrean kendaraan warga terjadi menyusul akan diumumkannya kenaikan bbm oleh pemerintah malam ini antrean mobil dan motor di sejumlah spbu di kawasan yogyakarta dan sleman terjadi sejak pukul wib jumat antrean terjadi di antaranya di spbu jalan sugeng jeroni bugisan spbu jl hos cokroaminoto spbu terban jl c simanjuntak spbu jl prof herman yohanes dan spbu jl kaliurang km stasiun untuk pengisian bbm jenis premium khusus sepeda motor semuanya dibuka khusus sepeda motor dibuka empat lajur antrean sepeda motor memanjang hingga di pinggir jalan sedikitnya anggota kepolisian berjaga jaga mengatur arus lalu lintas di dekat spbu agar tidak menimbulkan kemacetan sementara itu selain pemandangan antrean bbm di sejumlah spbu puluhan mahasiswa dari berbagai elemen di yogyakarta menggelar aksi demonstrasi menolak kenaikan bbm mereka terdiri dari elemen himpunan mahasiswa islam hmi yogyakarta serikat mahasiswa indonesia smi dan lain lain aksi mereka digelar sejak sore yang dipusatkan di titik nol kilometer atau di simpang empat kantor pos besar yogyakarta dalam aksi itu mereka membuat lingkaran di tengah tengah perempatan yang sore itu arus lalu lintas di kawasan titik nol kilometer cukup padat akibatnya semua kendaraan dari berbagai arah harus berjalan pelan pelan salah satu koordinator aksi m arief dalam orasinya menyatakan mahasiswa menyatakan pemerintah sampai saat ini tetap tidak mau mendengarkan jeritan dan keluhan rakyat akibat kenaikan harga bbm bantuan langsung sementara masyarakat blsm bukan suatu solusi namun jadi alat partai kami tetap menolak bbm naik berarti akan membunuh rakyat katanya,bbm
53617,jakarta mungkin banyak yang belum tahu kalau di kawasan elit mega kuningan jaksel ada peternakan sapi ya di tengah gedung pencakar langit ibu kota masih tersisa sebuah kandang sapi milik h mirdan di sini ada sapi terang opik mandor kandang sapi h mirdan di jl perintis kuningan timur setiabudi senin peternakan sapi perah sejak dahulu memang menjadi salah satu mata pencaharian masyarakat jakarta warga betawi tepatnya tak jauh dari kandang milik mirdan masih ada sebuah kandang sapi milik warga lainnya tapi tak sebanyak mirdan luas kandang sapi itu lumayan besar di kawasan seperti mega kuningan sapi sapi itu memiliki kandang seluas meter lebih ini semua sapi perah rp ribu per liter dijualnya terang opik peternakan sapi ini sudah ada sejak tahun an keluarga mirdan memang dikenal sejak dahulu sebagai peternak sapi perah biasanya diperah pagi jam bisa dapat liter dan sore jam bisa dapat liter jawab opik menerangkan dahulu era an sampai an di jakarta banyak tersebar kandang kandang sapi milik warga betawi tapi lama kelamaan seiring laju perkembangan ibu kota lahan untuk sapi ini dijual dan dibangun rumah perkantoran atau tempat bisnis lainnya ada juga tutup karena tetangga kanan kiri yang sudah padat kerap komplain dengan bau yang ditimbulkan dulu daerah sini kandang sapi semua sekarang cuma ada salah satunya ini punya h mirdan sekarang ini paling gede kalau yang satunya paling cuma sapi jelas opik untuk mencari rumput terbilang mudah banyak lahan kosong di sekitaran jakarta pencari rumput dengan membawa gerobak merambah lahan lahan kosong itu cari makan paling sekitar sini tanah tanah yang nggak keurus itu kita bayar juga mas paling rp ribu satu tempat terang opik,hut jakarta
53752,semarang bupati rembang m salim memenuhi panggilan polda jateng terkait dugaan penyalahgunaan apbd tahun kabupaten rembang senilai rp miliar ia diperiksa sebagai tersangka terkait kasus tersebut direktur reserse kriminal khusus dirreskrimsus polda jateng kombes mas guntur laupe mengatakan diusahakan pemeriksaan akan diselesaikan hari ini usai pemeriksaan pihaknya akan mengirim izin penahanan ke presiden melalui bareskrim penahanan ada aturan untuk pejabat negara harus ada izin dari presiden kata guntur di kantor dit reskrimsus polda jateng jl sukun raya semarang rabu jika hari tidak ada jawaban berarti boleh dilakukan penahanan imbuhnya menurutnya penahanan terhadap salim perlu dilakukan karena dikhawatirkan bisa menghilangkan bukti atau mempengaruhi saksi saksi perlu menahan pak salim agar tidak menghilangkan barang bukti ataupun mempengaruhi saksi jelasnya sebelumnya senin lalu salim mangkir dari panggilan polisi ia beralasan pergi untuk kunjungan kerja ke amerika kalau bohong berarti main main terhadap panggilan kami itu nanti dalam pemeriksaan dipastikan gampang ngeceknya nanti maksudnya apa mangkir saat panggilan bisa jadi resume berkas jadi pertimbangan majelis hakim juga nantinya tuturnya salim tiba di dit reskrimsus didampingi ajudan dan penasihat hukumnya pukul wib hingga pukul salim masih menjalani pemeriksaan di ruang kasubbid tipikor pemeriksaan salim terkait penyertaan modal pemerintah kabupaten rembang ke pt rembang bangkit sejahtera jaya rbsj untuk mengikuti proyek antara lain proyek jual beli tanah untuk spbu tanah tersebut berada di desa tireman rembang seluas meter persegi dari hasil perhitungan kerugian negara pkn badan pemeriksa keuangan bpk dengan register nomor svii xiv diketahui kerugian negara mencapai rp miliar,korupsi bupati
53822,jakarta chamdan toni kakek seorang cucu ini masih kuat mencangkul sawah sejak muda dia memang bertanam padi di lahan miliknya seluas meter di jl raya rawabinong lubang buaya jakarta timur ini sawah saya terang chamdan sambil duduk di pematang sawah saat ditemui selasa mungkin lahan milik chamdan ini bagian dari sisa sisa lahan pertanian di ibu kota dia masih mempertahankan sawahnya karena warisan turun temurun orang tuanya yang memang menjadi petani saya dari kecil dulu orang tua saya yang punya sekarang saya yang garap terang ayah dari anak ini sebenarnya dia berkisah sudah beberapa tahun ini lahannya ditawar pengembang perumahan tapi chamdan tak mau padahal harga tanahnya ditawar mendekati angka rp juta chamdan menolak baginya menjadi petani sudah mendarah daging walau anaknya tak ada yang melanjutkan profesinya saya masih ingin mencangkul nggak bisa kerja apa apa lagi tutur chamdan memberi alasan tak mau menjual lahannya dia menuturkan keuntungan dari menanam padi tak seberapa uang habis dipakai untuk bibit pupuk dan hal lainnya tapi bagi dia semua itu sudah alhamdulillah anak anaknya bisa bersekolah dari hasil bertani pupuk mahal sekarang memang nggak seberapa dari hasil padi ini tapi bisa buat bayar sekolah anak sama jajannya kisahnya siang itu chamdan hanya mengontrol sawahnya dengan padi yang masih hijau dia berharap september nanti sawahnya bisa dipanen semoga hasilnya bagus tutupnya selain lahan sawah chamdan ada juga lahan tetangga dan kerabatnya di sana total sekitar hektar sawah terhampar di kawasan yang tak jauh dari tol jorr itu,hut jakarta
53832,jakarta wawan pria asal karawang ini merantau ke jakarta bukan untuk menjadi pekerja kantoran atau yang lainnya dia menjadi petani ya wawan merupakan petani penggarap di kawasan halim jakarta timur jadi petani di sini sudah tahun saya di kampung petani di sini juga jadi petani ya lumayan buat makan sehari hari jelas wawan saat ditemui selasa di lahan garapannya wawan menggarap lahan sawah milik sebuah koperasi lahan padi garapannya seluas meter di sini tanahnya bagus buat nanam apa saja bagus imbuhnya tak hanya padi wawan juga menanam timun di lahan garapannya wawan diupah rp ribu perhari tapi setiap bulan sekali kala panen dia juga mendapat bagian bergantung besar kecilnya hasil panen biasanya saya datang dari jatiwaringin jam jalan kaki ke sini sejam pulangnya abis ashar lah imbuhnya beras hasil panen dijual ke indramayu harga kwintal sekitar rp ribu dan sedikitnya dalam bulan kala panen mendapat hasil ton di sini mah kendalanya hama burungnya banyak bener udah ribuan nggak ratusan lagi saya pernah mau panen tersiksa saya saya tungguin saya bikin saung saungan biar nggak dimakanin burung berasnya semaleman nunggunya tuturnya bercerita soal gangguan hama wawan tak berpikir soal pekerjaan lain keahliannya memang bertani jadi di karawang dia bertani merantau ke jakarta juga menjadi petani istri saya namanya kokom bantu juga di sawah sini anak saya ada yang satu umur tahun yang satu bulan tutupnya sambil beranjak pergi setelah istirahat di pematang sawah,hut jakarta
53843,jakarta bukan hanya peternak sapi saja yang eksis di jakarta peternak kambing juga ada di kawasan menteng dalam tebet jaksel ada daud peternak kambing besar di jakarta sebulan dia bisa menjual ekor kambing saya mulai bisnis ini mulai tahun dulunya dagang tekstil di tanah abang tapi karena kebakaran jadi nganggur mau bingung usaha apa jadi pilih kambing saja jelas putra betawi asli ini saat ditemui senin sebagai orang betawi wajar tentunya kalau daud memiliki lahan luas di jakarta dia memanfaatkan lahan meter warisan orang tuanya untuk dijadikan kandang kambing dan beberapa sapi dulu modalnya dari yang tekstil itu rp juta dulu uang segitu bisa dapet kambing buat diternak ngambil kambing dari bumi ayu sama purwokerto ternaknya di rumah sendiri di halaman belakang terang daud bisnis peternakan ini memang akrab dengan keluarganya maklum ada kerabat daud yang juga memiliki peternakan sapi karenanya daud juga mencoba coba memelihara sapi saya ada orang karyawan karyawan jaganya magrib sampai jam malam untuk nyari makanan sama jagain kambing mereka dibayar sebulan rp juta udah bersih sama makan kali beber daud saat ini di kandangnya ada ekor kambing dan sapi untuk makanan hewan hewan itu diberi kulit kacang kedelai rumput ampas konsentrat dan dedek yang kemudian dicampur biasanya kalau musim hujan gampang carinya di tpu menteng dalam sama di setiabudi kalau lagi musim panas susah cari rumput biasanya ngambil rumput di bogor nyewa mobil pick up biasanya rp ribu berangkatnya dari subuh sampe rumah lagi jam sore biasanya yang kesana karyawan saya ungkapnya daud memasok beberapa warung makan sate kambing di jakarta selain itu juga dia menerima jasa aqiqah dengan tarif rp juta pembelinya warga seputaran jakarta dari bisnis kambing dan sapi ini daud lumayan sukses anak anaknya bisa kuliah dan bekerja di kantoran kalau untuk perluas ternak saya tak bisa perluas karena lingkungannya di sini luasnya terbatas saya juga ketua rt disini kecuali saya pindah keluar daerah sini baru bisa diperluas terang daud saat bercerita soal kandang kambing dan warga sekitar,hut jakarta
53838,jakarta mungkin lahan peternakan sapi milik warga betawi h mirdan ini bisa disebut peternakan paling elit di indonesia bayangkan saja di tengah gedung pencakar langit di mega kuningan jaksel berdiri di kandang sapi miliknya di atas lahan meter lebih ini sudah ada sejak tahun an beber mandor kandang sapi opik yang ditemui senin ada sapi perah di kandang sapi yang bertetangga dengan gedung hotel dan perkantoran itu di masa jayanya bisnis sapi perah opik bertutur banyak terdapat kandang sapi di kawasan ini sekarang hanya tersisa milik mirdan dan seorang warga betawi lainnya bisnis sapi perah ini memang dilakoni warga betawi sebagai salah satu mata pencaharian mereka memerah susu pagi dan sore hari dan menjualnya per liter mungkin bagi yang tinggal di jakarta kerap melihat pedagang yang berkeliling menjajakan susu susu ini dijual rp ribu perliternya tambahnya omong omong soal lahan kandang sapi yang terletak di mega kuningan di tengah himpitan gedung pencakar langit ini opik bertutur tak sedikit pengembang atau perusahaan yang menawar tanah lahan sapi turun temurun keluarga betawi itu waktu itu ditawar rp juta per meternya tapi pak haji nolak jelas opik bisnis susu sapi h mirdan tetap bertahan di tengah godaan para pencari lahan kemudian bagaimana dengan kotoran sapi yang ada dengan sapi yang ada soal kotoran memang menjadi persoalan tapi menurut opik justru itu menjadi berkah kotoran sapi itu dikumpulkan dan dijemur setelah kering dijual sebagai pupuk bagaimana dengan warga yang merasa bau dengan aroma kandang sapi yah daripada dia kan duluan sapinya itu udah risiko di mau ada di sekitar sini terang opik dengan senyum,hut jakarta
53929,jakarta abdul hakim tewas setelah gantung diri di kediamannya di jatinegara jakarta timur diduga aksi itu dipicu karena masalah ilmu hitam bagaimana pihak keluarga menyikapinyaharun kakek abdul hakim bercerita soal masalah tersebut dia mengakui ada perubahan perilaku dari sang cucu sejak tiga bulan terakhir dia nggak pernah cerita soal ilmu ilmu itu kalau kata dari orang orang kenal dari sopir bajaj dia tinggal di daerah pancoran kata harun saat ditemui di rumah duka jl mawar nomor rt cipinang muara jatinegara jaktim senin menurut harun sejak kenal dengan tukang bajaj tersebut ada perubahan perilaku yang ditunjukkan hakim dia jadi lebih pendiam dan linglung sang cucu pun jadi lebih malas mengojek udah dibawa ke habib empat kali buat diobati udah agak baikan sebetulnya tapi masih pendiam terangnya hakim tinggal di rumah tersebut bersama sejumlah kerabatnya rumah sederhana itu berjarak meter dari jalan besar motor ojek bernopol b trn yang biasa digunakan hakim untuk mencari rezeki terlihat masih terparkir di luar rumah harun menuturkan jenazah hakim ditemukan oleh keluarganya pukul wib posisi jenazah sudah terlilit kerudung yang digantungkan ke atas plafon di bawahnya ada kaleng cat yang diduga sebagai penahan tubuh keluarga hakim sempat kesulitan untuk membuka ikatan kerudung di plafon dan leher hakim setelah ikatan berhasil dilepas polisi berdatangan sekarang jenazah udah dimakamkan di tpu kebon nanas imbuh harun,ojek
54000,semarang garis polisi masih terpasang dengan radius meter dari lokasi ledakan yang terjadi di sebelah barat gedung dprd jateng tim indonesia automatic fingerprint identification system inafis polrestabes semarang juga mendatangi lokasi untuk melakukan olah tkp dari pantauan senin tim inafis meninjau lubang selokan berukuran cmxcm kemudian beranjak memasuki gedung dprd mereka naik ke balkon lantai dua yang tepat berada di atas sumber ledakan situasi di sekitar sumber ledakan pun sepi dari mobil mobil pegawai yang biasa terparkir di dekatnya menurut salah satu petugas keamanan pihaknya meengkondisikan agar tidak ada kendaraan yang diparkir di sekitar lokasi ia pun memasang rambu dengan jarak meter dari lokasi baru tahu pagi tadi sebagai keamanan ada kayak gini harus dikondisikan diamankan kata salah satu petugas di gedung dprd jateng jl pahlawan semarang senin saya biasanya parkir di dekat situ sumber ledakan saya kaget ada police line di sini jadinya ya saya parkir di tempat lain timpal salah satu warga bambang diberitakan sebelumnya ledakan terjadi di sebelah barat gedung dprd jateng hari minggu sore kemarin menurut keterangan saksi ledakan terjadi lebih dari kali tim gegana laboratorium forensik pemadam kebakaran dan instansi terkait langsung mendatangi lokasi beberapa saat setelah kejadian diketahui ledakan terjadi tidak jauh dari ruang panel pompa air dan gudang terdapat juga pipa air yang menghubungkan lubang selokan dan balkon di lantai dua itu selokan hanya untuk nampung air hujan dari atas ya khawatir juga tapi ini masih dicek polisi kata salah satu karyawan gedung,ledakan
